code,status
TRN-ZZ16-XW6P,未使用
TRN-J1F0-88DE,未使用
TRN-EJ02-7B9P,未使用
TRN-Q2M8-KLGH,未使用
TRN-1MOG-0AP1,未使用
TRN-PQP4-SX94,未使用
TRN-K4VW-WRAO,未使用
TRN-ZTYD-P8DE,未使用
TRN-HA8W-TIZX,未使用
TRN-RUZH-L9G0,未使用
TRN-PRYI-P551,未使用
TRN-00ON-4MWF,未使用
TRN-M50I-G9N8,未使用
TRN-8SP3-RY11,未使用
TRN-CK7F-S3XD,未使用
TRN-8P61-2QQB,未使用
TRN-KEBR-U2DG,未使用
TRN-SKNY-GDV3,未使用
TRN-R0E3-2M4J,未使用
TRN-NCM3-PBZ8,未使用
TRN-BI7V-14G9,未使用
TRN-VVOP-PCO8,未使用
TRN-SH0R-W2IJ,未使用
TRN-1GIO-ZMW1,未使用
TRN-YP5G-D8RG,未使用
TRN-FTI0-ZAIG,未使用
TRN-C2WL-R2VQ,未使用
TRN-5I45-66GJ,未使用
TRN-LZVC-18ZK,未使用
TRN-G3L9-UNJH,未使用
TRN-SNNF-YT7K,未使用
TRN-RSIF-YERU,未使用
TRN-NFG9-TCTJ,未使用
TRN-H0ZD-8KD2,未使用
TRN-XXOT-8EGP,未使用
TRN-R2W8-YNZJ,未使用
TRN-4I65-U6TK,未使用
TRN-4O0P-H062,未使用
TRN-ZIV1-B7J7,未使用
TRN-8CP3-XQES,未使用
TRN-Z0D8-YRHF,未使用
TRN-VRJX-KPZ9,未使用
TRN-38PO-WW96,未使用
TRN-7LKS-ORAL,未使用
TRN-KZLX-P7X1,未使用
TRN-ZP5L-S9TR,未使用
TRN-AJQ3-67BO,未使用
TRN-3O3M-3DHP,未使用
TRN-HU9Q-92K2,未使用
TRN-618I-KBIG,未使用
TRN-Y5O4-C20Y,未使用
TRN-A0CI-P9I4,未使用
TRN-ECT0-28VD,未使用
TRN-YL7D-23MX,未使用
TRN-RG55-STCU,未使用
TRN-8GT2-VYHJ,未使用
TRN-EJGE-7XOF,未使用
TRN-KF8H-QQL9,未使用
TRN-151V-EDO5,未使用
TRN-DVHM-YZKJ,未使用
TRN-MP49-OYVK,未使用
TRN-O4F6-EJTR,未使用
TRN-TYU4-R7JF,未使用
TRN-85ER-Z46Q,未使用
TRN-7FM4-BJG2,未使用
TRN-5KLY-NQ67,未使用
TRN-IIAF-MW2J,未使用
TRN-LNVO-LESL,未使用
TRN-ZWE5-6N1I,未使用
TRN-0ACV-YAMZ,未使用
TRN-28UR-QCX0,未使用
TRN-YJ0K-2EPI,未使用
TRN-52PU-61U0,未使用
TRN-9Q4C-VSRL,未使用
TRN-ET7I-V10P,未使用
TRN-DDBY-DMKB,未使用
TRN-ST30-ICTI,未使用
TRN-UU1K-BGVG,未使用
TRN-AGBI-XWOJ,未使用
TRN-B3FU-ERIE,未使用
TRN-NO82-3D7P,未使用
TRN-CPOH-LQL1,未使用
TRN-AT2P-BAA8,未使用
TRN-QWCT-9BQI,未使用
TRN-AC25-NERE,未使用
TRN-AGDB-00GU,未使用
TRN-45Z2-YMJ6,未使用
TRN-AXB8-KFU0,未使用
TRN-DIPS-LPNM,未使用
TRN-WQO8-JP8K,未使用
TRN-X49E-9TQI,未使用
TRN-GRT1-ZK9L,未使用
TRN-WNYX-QXEM,未使用
TRN-9NYK-3KMV,未使用
TRN-CSPH-RATK,未使用
TRN-EJJT-5WJA,未使用
TRN-CEVM-CEC2,未使用
TRN-X4JP-7P9A,未使用
TRN-ZQAO-GQB9,未使用
TRN-7Q15-1398,未使用
TRN-90JU-BTKD,未使用
TRN-HW00-S7Z4,未使用
TRN-8RF9-ETLD,未使用
TRN-28AC-ZJUU,未使用
TRN-POFB-YHH2,未使用
TRN-0BIQ-BDWA,未使用
TRN-L221-HSK5,未使用
TRN-07B4-EV3N,未使用
TRN-NV09-MYUO,未使用
TRN-4HAJ-JLPA,未使用
TRN-8WUX-5O9Z,未使用
TRN-NZHY-6Z3T,未使用
TRN-H3QJ-VLYR,未使用
TRN-EH77-1JCB,未使用
TRN-RNWS-94T6,未使用
TRN-J4AN-YKYO,未使用
TRN-AFAT-5HE6,未使用
TRN-05YC-347A,未使用
TRN-VDVV-RCZ1,未使用
TRN-A22Y-QG4K,未使用
TRN-YACF-VR40,未使用
TRN-ANGM-KIQ8,未使用
TRN-216X-J6ZF,未使用
TRN-G9VW-V3E5,未使用
TRN-IP35-TNQG,未使用
TRN-20IO-C1IK,未使用
TRN-33BD-SJKR,未使用
TRN-C4R5-TWGQ,未使用
TRN-KFZT-YIZ7,未使用
TRN-LS37-Z4W2,未使用
TRN-GQGI-YCB3,未使用
TRN-QDM2-UBNN,未使用
TRN-R43N-00J7,未使用
TRN-3KT3-ZOVR,未使用
TRN-ZM9P-ZD2I,未使用
TRN-I8ES-SA4K,未使用
TRN-4D1I-LLKN,未使用
TRN-LM3S-ZPK0,未使用
TRN-M3TP-OXQS,未使用
TRN-9P86-CKX6,未使用
TRN-D7MY-F25W,未使用
TRN-31BJ-UL6Y,未使用
TRN-U6X5-ADTS,未使用
TRN-0PCC-6QT8,未使用
TRN-MPYH-WQZJ,未使用
TRN-3QUB-V0XY,未使用
TRN-W766-3JVG,未使用
TRN-06FM-LSXI,未使用
TRN-Q3HX-80II,未使用
TRN-1ABR-P40Y,未使用
TRN-QF0H-DQH5,未使用
TRN-PBYC-IGHN,未使用
TRN-Y6TC-TWO9,未使用
TRN-PQBB-PYEH,未使用
TRN-2605-48Z9,未使用
TRN-4HSO-ZHEP,未使用
TRN-UTFI-YHKO,未使用
TRN-O1CQ-740T,未使用
TRN-7ZYX-PQUM,未使用
TRN-404Y-GZI3,未使用
TRN-44G7-9HX2,未使用
TRN-CAT8-6CR7,未使用
TRN-TZSI-SAMC,未使用
TRN-YSEV-TBEG,未使用
TRN-B2JN-0C55,未使用
TRN-UX6C-M3TP,未使用
TRN-3Z2V-11UU,未使用
TRN-DU7H-KGBZ,未使用
TRN-C22J-KGFE,未使用
TRN-LTH7-T0IJ,未使用
TRN-L1EP-R6F0,未使用
TRN-0A1B-81KG,未使用
TRN-YYK2-QVE6,未使用
TRN-GO95-33KG,未使用
TRN-4ODP-MK25,未使用
TRN-J0KJ-HOFH,未使用
TRN-TJO3-N2A3,未使用
TRN-J7XT-4Z0M,未使用
TRN-FSIU-32DO,未使用
TRN-W027-Q51B,未使用
TRN-BKNS-UJEI,未使用
TRN-JLRN-QBKT,未使用
TRN-KR6O-CJGE,未使用
TRN-TFS3-9Y0G,未使用
TRN-AN1R-FJFQ,未使用
TRN-FXKS-T2HO,未使用
TRN-OQNI-2QLW,未使用
TRN-O9F2-GVM0,未使用
TRN-QFXP-537J,未使用
TRN-ZKC7-KNS2,未使用
TRN-R48Q-5DJJ,未使用
TRN-LUCZ-ZTVN,未使用
TRN-2P24-9UYO,未使用
TRN-QCQP-AFY4,未使用
TRN-0MRI-8UEG,未使用
TRN-BPTN-VG9Q,未使用
TRN-ZHUG-2CGD,未使用
TRN-HVOC-SM0N,未使用
TRN-X6FW-KNII,未使用
TRN-850B-0K6O,未使用
